[
  {
    "id": "df2eb058-f230-4f5a-b26b-cc4ac2de3f5a",
    "data": [
      {
        "text": "Activities to do in ",
        "userDefined": false
      },
      {
        "text": "Norway",
        "alias": "geo-country",
        "meta": "@sys.geo-country",
        "userDefined": false
      },
      {
        "text": ", ",
        "userDefined": false
      },
      {
        "text": "oslo",
        "alias": "geo-city",
        "meta": "@sys.geo-city",
        "userDefined": false
      }
    ],
    "isTemplate": false,
    "count": 0,
    "updated": 0
  },
  {
    "id": "f7cefa69-b233-4415-9fa0-59e37c18789c",
    "data": [
      {
        "text": "Things to do in ",
        "userDefined": false
      },
      {
        "text": "Poland,",
        "alias": "geo-country",
        "meta": "@sys.geo-country",
        "userDefined": false
      },
      {
        "text": " ",
        "userDefined": false
      },
      {
        "text": "Krakow",
        "alias": "geo-city",
        "meta": "@sys.geo-city",
        "userDefined": false
      }
    ],
    "isTemplate": false,
    "count": 0,
    "updated": 0
  },
  {
    "id": "f0af9f97-eadc-4828-bb04-20b0c8a39ac8",
    "data": [
      {
        "text": "Things to do in ",
        "userDefined": false
      },
      {
        "text": "Germany,",
        "alias": "geo-country",
        "meta": "@sys.geo-country",
        "userDefined": false
      },
      {
        "text": " ",
        "userDefined": false
      },
      {
        "text": "Frankfurt",
        "alias": "geo-city",
        "meta": "@sys.geo-city",
        "userDefined": false
      }
    ],
    "isTemplate": false,
    "count": 0,
    "updated": 0
  },
  {
    "id": "8785812b-7400-45ad-8ce4-1a66f3508805",
    "data": [
      {
        "text": "Things to do in ",
        "userDefined": false
      },
      {
        "text": "Italy,",
        "alias": "geo-country",
        "meta": "@sys.geo-country",
        "userDefined": false
      },
      {
        "text": " ",
        "userDefined": false
      },
      {
        "text": "rome",
        "alias": "geo-city",
        "meta": "@sys.geo-city",
        "userDefined": false
      }
    ],
    "isTemplate": false,
    "count": 0,
    "updated": 0
  },
  {
    "id": "57572e4d-9144-4991-8980-e7e12dedc1dc",
    "data": [
      {
        "text": "Activities to do in ",
        "userDefined": false
      },
      {
        "text": "France,",
        "alias": "geo-country",
        "meta": "@sys.geo-country",
        "userDefined": false
      },
      {
        "text": " ",
        "userDefined": false
      },
      {
        "text": "paris",
        "alias": "geo-city",
        "meta": "@sys.geo-city",
        "userDefined": false
      }
    ],
    "isTemplate": false,
    "count": 0,
    "updated": 0
  }
]