[
  {
    "id": "a17d9908-a90e-4760-ae70-7f0e07c0c59f",
    "data": [
      {
        "text": "bycountry_Latvia",
        "userDefined": false
      }
    ],
    "isTemplate": false,
    "count": 0,
    "updated": 0
  },
  {
    "id": "ad9bd498-b3c2-4ab9-9d2f-e1e16fb7eee5",
    "data": [
      {
        "text": "bycountry_NorthMacedonia",
        "userDefined": false
      }
    ],
    "isTemplate": false,
    "count": 0,
    "updated": 0
  },
  {
    "id": "eea24bce-0fc0-4819-9487-7ff355b684bb",
    "data": [
      {
        "text": "bycountry_UnitedKingdom",
        "userDefined": false
      }
    ],
    "isTemplate": false,
    "count": 0,
    "updated": 0
  },
  {
    "id": "9ff0b3f7-6aa9-40e0-a380-829cf587f0d2",
    "data": [
      {
        "text": "bycountry_BosniaandHerzegovina",
        "userDefined": false
      }
    ],
    "isTemplate": false,
    "count": 0,
    "updated": 0
  },
  {
    "id": "257842ce-b93b-4813-9f57-213a4221b82d",
    "data": [
      {
        "text": "bycountry_CzechRepublic",
        "userDefined": false
      }
    ],
    "isTemplate": false,
    "count": 0,
    "updated": 0
  },
  {
    "id": "b0e3ff04-62a5-4187-a26d-a58df466738a",
    "data": [
      {
        "text": "bycountry_France",
        "userDefined": false
      }
    ],
    "isTemplate": false,
    "count": 0,
    "updated": 0
  },
  {
    "id": "28ec6bb7-8c7a-4444-bcc2-7806f9165997",
    "data": [
      {
        "text": "bycountry_Russia",
        "userDefined": false
      }
    ],
    "isTemplate": false,
    "count": 0,
    "updated": 0
  },
  {
    "id": "01758ab7-593f-4802-8c7c-18212e4813e2",
    "data": [
      {
        "text": "bycountry_Germany",
        "userDefined": false
      }
    ],
    "isTemplate": false,
    "count": 0,
    "updated": 0
  },
  {
    "id": "4da61188-25ed-4350-b8b5-575f5cbdbe1c",
    "data": [
      {
        "text": "bycountry_Ukraine",
        "userDefined": false
      }
    ],
    "isTemplate": false,
    "count": 0,
    "updated": 0
  },
  {
    "id": "cd7029d7-ad93-4d71-943a-5b652d3f57d5",
    "data": [
      {
        "text": "bycountry_Poland",
        "userDefined": false
      }
    ],
    "isTemplate": false,
    "count": 1,
    "updated": 0
  },
  {
    "id": "53457bf8-5978-40cd-9834-47ac88122a13",
    "data": [
      {
        "text": "bycountry_Romania",
        "userDefined": false
      }
    ],
    "isTemplate": false,
    "count": 0,
    "updated": 0
  },
  {
    "id": "091d5e26-2080-476f-8c3f-e0ef49ba3e3c",
    "data": [
      {
        "text": "bycountry_Netherlands",
        "userDefined": false
      }
    ],
    "isTemplate": false,
    "count": 0,
    "updated": 0
  },
  {
    "id": "c709601d-3b99-462c-890f-3ae2c06b26e8",
    "data": [
      {
        "text": "bycountry_Belgium",
        "userDefined": false
      }
    ],
    "isTemplate": false,
    "count": 0,
    "updated": 0
  },
  {
    "id": "7e5245a4-cde9-4b3a-b867-53412936e2f4",
    "data": [
      {
        "text": "bycountry_Greece",
        "userDefined": false
      }
    ],
    "isTemplate": false,
    "count": 0,
    "updated": 0
  },
  {
    "id": "8e6f1684-e9e4-4c09-b7c2-fdb6901f0bd2",
    "data": [
      {
        "text": "bycountry_Portugal",
        "userDefined": false
      }
    ],
    "isTemplate": false,
    "count": 0,
    "updated": 0
  },
  {
    "id": "40e47c9c-d57b-4008-b26d-49e351064a5d",
    "data": [
      {
        "text": "bycountry_Sweden",
        "userDefined": false
      }
    ],
    "isTemplate": false,
    "count": 0,
    "updated": 0
  },
  {
    "id": "f091e0bb-cb83-4f93-93fd-193232ed00f7",
    "data": [
      {
        "text": "bycountry_Hungary",
        "userDefined": false
      }
    ],
    "isTemplate": false,
    "count": 0,
    "updated": 0
  },
  {
    "id": "6eb01229-370e-4c78-8876-0ae49de68adb",
    "data": [
      {
        "text": "bycountry_Switzerland",
        "userDefined": false
      }
    ],
    "isTemplate": false,
    "count": 0,
    "updated": 0
  },
  {
    "id": "40a3dcb8-b7d2-4b5c-9ddb-c5bdd8de42e8",
    "data": [
      {
        "text": "bycountry_Belarus",
        "userDefined": false
      }
    ],
    "isTemplate": false,
    "count": 0,
    "updated": 0
  },
  {
    "id": "fb0c29dc-489e-4614-9db9-e8617baf52d9",
    "data": [
      {
        "text": "bycountry_Austria",
        "userDefined": false
      }
    ],
    "isTemplate": false,
    "count": 0,
    "updated": 0
  },
  {
    "id": "dd81f732-b41d-4027-bed4-6804616a1333",
    "data": [
      {
        "text": "bycountry_Serbia",
        "userDefined": false
      }
    ],
    "isTemplate": false,
    "count": 0,
    "updated": 0
  },
  {
    "id": "3113281a-c49e-47ee-bd11-cdae7c0432ab",
    "data": [
      {
        "text": "bycountry_Gibraltar",
        "userDefined": false
      }
    ],
    "isTemplate": false,
    "count": 0,
    "updated": 0
  },
  {
    "id": "7cbfe047-0948-4e81-bfa4-0ff2617ba157",
    "data": [
      {
        "text": "bycountry_Bulgaria",
        "userDefined": false
      }
    ],
    "isTemplate": false,
    "count": 0,
    "updated": 0
  },
  {
    "id": "5c9810ec-00c8-4f4f-a9fd-028b2183b7ef",
    "data": [
      {
        "text": "bycountry_Slovakia",
        "userDefined": false
      }
    ],
    "isTemplate": false,
    "count": 0,
    "updated": 0
  },
  {
    "id": "a2364b13-ae17-4a5b-85e0-06ce21675618",
    "data": [
      {
        "text": "bycountry_FaroeIslands",
        "userDefined": false
      }
    ],
    "isTemplate": false,
    "count": 0,
    "updated": 0
  },
  {
    "id": "abbc8c86-8f2b-428c-ad18-12febbae7def",
    "data": [
      {
        "text": "bycountry_Finland",
        "userDefined": false
      }
    ],
    "isTemplate": false,
    "count": 0,
    "updated": 0
  },
  {
    "id": "58cf0fd0-a080-4940-9fc6-ef5d636d3417",
    "data": [
      {
        "text": "bycountry_Denmark",
        "userDefined": false
      }
    ],
    "isTemplate": false,
    "count": 0,
    "updated": 0
  },
  {
    "id": "56b2e8a5-2c19-4690-87d8-3cad2ed13ea0",
    "data": [
      {
        "text": "bycountry_Norway",
        "userDefined": false
      }
    ],
    "isTemplate": false,
    "count": 0,
    "updated": 0
  },
  {
    "id": "3d202bf3-48ce-4daa-8a5b-698c9c1ca0d0",
    "data": [
      {
        "text": "bycountry_Iceland",
        "userDefined": false
      }
    ],
    "isTemplate": false,
    "count": 0,
    "updated": 0
  },
  {
    "id": "293fea3b-fa60-4b19-bda5-085896696d0c",
    "data": [
      {
        "text": "bycountry_Ireland",
        "userDefined": false
      }
    ],
    "isTemplate": false,
    "count": 0,
    "updated": 0
  },
  {
    "id": "c23e54f0-5c8b-4a76-b27e-fe5bc18bd2b7",
    "data": [
      {
        "text": "bycountry_IsleofMan",
        "userDefined": false
      }
    ],
    "isTemplate": false,
    "count": 0,
    "updated": 0
  },
  {
    "id": "47fd09b7-45e9-4570-832b-3b68c33be45e",
    "data": [
      {
        "text": "bycountry_Slovenia",
        "userDefined": false
      }
    ],
    "isTemplate": false,
    "count": 0,
    "updated": 0
  },
  {
    "id": "5e1a61a3-616b-439c-955d-cea31c76e9e0",
    "data": [
      {
        "text": "bycountry_Estonia",
        "userDefined": false
      }
    ],
    "isTemplate": false,
    "count": 0,
    "updated": 0
  },
  {
    "id": "63779220-efd2-47bd-a041-07fd329bd2cc",
    "data": [
      {
        "text": "bycountry_Monaco",
        "userDefined": false
      }
    ],
    "isTemplate": false,
    "count": 0,
    "updated": 0
  },
  {
    "id": "46ddb6e8-5ffb-48be-b579-5ae6998386eb",
    "data": [
      {
        "text": "bycountry_Croatia",
        "userDefined": false
      }
    ],
    "isTemplate": false,
    "count": 0,
    "updated": 0
  },
  {
    "id": "4dc1b337-94ef-40c4-bc2e-1b1279f90d21",
    "data": [
      {
        "text": "bycountry_Moldova",
        "userDefined": false
      }
    ],
    "isTemplate": false,
    "count": 0,
    "updated": 0
  },
  {
    "id": "eb3a6cb7-40c2-48c6-a16f-5e2bb8fb71ee",
    "data": [
      {
        "text": "bycountry_Albania",
        "userDefined": false
      }
    ],
    "isTemplate": false,
    "count": 0,
    "updated": 0
  },
  {
    "id": "48c60148-ae1e-42bf-b421-e619be03d97e",
    "data": [
      {
        "text": "bycountry_Lithuania",
        "userDefined": false
      }
    ],
    "isTemplate": false,
    "count": 0,
    "updated": 0
  },
  {
    "id": "c476a283-6ca0-43b1-8741-9498945f2d50",
    "data": [
      {
        "text": "bycountry_Liechtenstein",
        "userDefined": false
      }
    ],
    "isTemplate": false,
    "count": 0,
    "updated": 0
  },
  {
    "id": "41525ece-4b4f-4c08-b737-c00f068be05e",
    "data": [
      {
        "text": "bycountry_SanMarino",
        "userDefined": false
      }
    ],
    "isTemplate": false,
    "count": 0,
    "updated": 0
  },
  {
    "id": "cf756a63-7ffe-45ec-87c1-25d54c8f6686",
    "data": [
      {
        "text": "bycountry_Montenegro",
        "userDefined": false
      }
    ],
    "isTemplate": false,
    "count": 0,
    "updated": 0
  },
  {
    "id": "f157e67a-5305-4993-bd06-1c17c0136880",
    "data": [
      {
        "text": "bycountry_Luxembourg",
        "userDefined": false
      }
    ],
    "isTemplate": false,
    "count": 0,
    "updated": 0
  },
  {
    "id": "828c760c-3389-4d19-9fbc-330fc015c30d",
    "data": [
      {
        "text": "bycountry_Malta",
        "userDefined": false
      }
    ],
    "isTemplate": false,
    "count": 0,
    "updated": 0
  },
  {
    "id": "5e2106cd-a858-4d86-a997-b8f6b27f2029",
    "data": [
      {
        "text": "bycountry_Andorra",
        "userDefined": false
      }
    ],
    "isTemplate": false,
    "count": 4,
    "updated": 0
  }
]