[
  {
    "id": "36a021ee-ece1-4dbf-bb0e-e54d04fecfe3",
    "data": [
      {
        "text": "bycountry_Latvia",
        "userDefined": false
      }
    ],
    "isTemplate": false,
    "count": 0,
    "updated": 0
  },
  {
    "id": "2432746c-1e84-4028-ae81-26646c153a80",
    "data": [
      {
        "text": "bycountry_NorthMacedonia",
        "userDefined": false
      }
    ],
    "isTemplate": false,
    "count": 0,
    "updated": 0
  },
  {
    "id": "b99f71ac-de81-48e6-bc2f-6f7e22bfaed3",
    "data": [
      {
        "text": "bycountry_UnitedKingdom",
        "userDefined": false
      }
    ],
    "isTemplate": false,
    "count": 0,
    "updated": 0
  },
  {
    "id": "606965e0-3715-4da3-be63-c1f418791cd6",
    "data": [
      {
        "text": "bycountry_BosniaandHerzegovina",
        "userDefined": false
      }
    ],
    "isTemplate": false,
    "count": 0,
    "updated": 0
  },
  {
    "id": "01fd2787-9f00-4ec8-9aa3-91fb49090c0a",
    "data": [
      {
        "text": "bycountry_CzechRepublic",
        "userDefined": false
      }
    ],
    "isTemplate": false,
    "count": 0,
    "updated": 0
  },
  {
    "id": "a7454858-08aa-49d7-82df-76b8b4b4883c",
    "data": [
      {
        "text": "bycountry_France",
        "userDefined": false
      }
    ],
    "isTemplate": false,
    "count": 0,
    "updated": 0
  },
  {
    "id": "02e1c125-f3d1-475b-9432-7d8097b6f32e",
    "data": [
      {
        "text": "bycountry_Russia",
        "userDefined": false
      }
    ],
    "isTemplate": false,
    "count": 0,
    "updated": 0
  },
  {
    "id": "21c095f6-9308-488b-a7b3-54c381fedb22",
    "data": [
      {
        "text": "bycountry_Germany",
        "userDefined": false
      }
    ],
    "isTemplate": false,
    "count": 0,
    "updated": 0
  },
  {
    "id": "60f23f4e-7258-4a48-9c4e-360c3d72c662",
    "data": [
      {
        "text": "bycountry_Ukraine",
        "userDefined": false
      }
    ],
    "isTemplate": false,
    "count": 0,
    "updated": 0
  },
  {
    "id": "4c1e95b9-55f3-470c-b8d5-4d52c420a80f",
    "data": [
      {
        "text": "bycountry_Poland",
        "userDefined": false
      }
    ],
    "isTemplate": false,
    "count": 1,
    "updated": 0
  },
  {
    "id": "7616503a-63e0-431d-a081-1fc1ea3ea1e1",
    "data": [
      {
        "text": "bycountry_Romania",
        "userDefined": false
      }
    ],
    "isTemplate": false,
    "count": 0,
    "updated": 0
  },
  {
    "id": "4a5a3673-e217-4bd0-8e76-296e8662abab",
    "data": [
      {
        "text": "bycountry_Netherlands",
        "userDefined": false
      }
    ],
    "isTemplate": false,
    "count": 0,
    "updated": 0
  },
  {
    "id": "6fad7dae-1518-482e-997b-ee164626ab27",
    "data": [
      {
        "text": "bycountry_Belgium",
        "userDefined": false
      }
    ],
    "isTemplate": false,
    "count": 0,
    "updated": 0
  },
  {
    "id": "3f89138d-3654-42af-aa38-11e69675326a",
    "data": [
      {
        "text": "bycountry_Greece",
        "userDefined": false
      }
    ],
    "isTemplate": false,
    "count": 0,
    "updated": 0
  },
  {
    "id": "20b0b64e-4d0b-4455-9be9-fe592c00e234",
    "data": [
      {
        "text": "bycountry_Portugal",
        "userDefined": false
      }
    ],
    "isTemplate": false,
    "count": 0,
    "updated": 0
  },
  {
    "id": "d5bf9736-e104-4278-b91f-aec9a7806d2d",
    "data": [
      {
        "text": "bycountry_Sweden",
        "userDefined": false
      }
    ],
    "isTemplate": false,
    "count": 0,
    "updated": 0
  },
  {
    "id": "5bdb2931-5752-4477-89d8-cfdff8ac7cd0",
    "data": [
      {
        "text": "bycountry_Hungary",
        "userDefined": false
      }
    ],
    "isTemplate": false,
    "count": 0,
    "updated": 0
  },
  {
    "id": "a1a07b0d-d449-4d68-9c8c-a9cccc79b96a",
    "data": [
      {
        "text": "bycountry_Switzerland",
        "userDefined": false
      }
    ],
    "isTemplate": false,
    "count": 0,
    "updated": 0
  },
  {
    "id": "83cc92dc-8d54-43b7-94c6-eb93542f199b",
    "data": [
      {
        "text": "bycountry_Belarus",
        "userDefined": false
      }
    ],
    "isTemplate": false,
    "count": 0,
    "updated": 0
  },
  {
    "id": "07bd80bd-769b-4106-84e1-3626f87fd940",
    "data": [
      {
        "text": "bycountry_Austria",
        "userDefined": false
      }
    ],
    "isTemplate": false,
    "count": 0,
    "updated": 0
  },
  {
    "id": "25d7fc76-b419-4546-93c7-7a971ccb3ec2",
    "data": [
      {
        "text": "bycountry_Serbia",
        "userDefined": false
      }
    ],
    "isTemplate": false,
    "count": 0,
    "updated": 0
  },
  {
    "id": "92316357-d4de-42c9-b9e4-7d475fe7dc34",
    "data": [
      {
        "text": "bycountry_Gibraltar",
        "userDefined": false
      }
    ],
    "isTemplate": false,
    "count": 0,
    "updated": 0
  },
  {
    "id": "1027cfd0-4d56-4e8c-a2ce-464fb6f21670",
    "data": [
      {
        "text": "bycountry_Bulgaria",
        "userDefined": false
      }
    ],
    "isTemplate": false,
    "count": 0,
    "updated": 0
  },
  {
    "id": "13fc0ee7-6171-4939-8a7f-3f60fda23e90",
    "data": [
      {
        "text": "bycountry_Slovakia",
        "userDefined": false
      }
    ],
    "isTemplate": false,
    "count": 0,
    "updated": 0
  },
  {
    "id": "eb077e7e-ffa3-4a6a-ab13-1dd16d8c64d6",
    "data": [
      {
        "text": "bycountry_FaroeIslands",
        "userDefined": false
      }
    ],
    "isTemplate": false,
    "count": 0,
    "updated": 0
  },
  {
    "id": "707e30d5-763c-4922-8982-e1e996b99966",
    "data": [
      {
        "text": "bycountry_Finland",
        "userDefined": false
      }
    ],
    "isTemplate": false,
    "count": 0,
    "updated": 0
  },
  {
    "id": "6a19b665-63dd-4544-9d83-39c911ab924d",
    "data": [
      {
        "text": "bycountry_Denmark",
        "userDefined": false
      }
    ],
    "isTemplate": false,
    "count": 0,
    "updated": 0
  },
  {
    "id": "ec3b825a-e7c5-4fb7-b623-7884c818ee86",
    "data": [
      {
        "text": "bycountry_Norway",
        "userDefined": false
      }
    ],
    "isTemplate": false,
    "count": 0,
    "updated": 0
  },
  {
    "id": "d77401d2-8b69-498e-8dee-fc0da87df40e",
    "data": [
      {
        "text": "bycountry_Iceland",
        "userDefined": false
      }
    ],
    "isTemplate": false,
    "count": 0,
    "updated": 0
  },
  {
    "id": "770ed8e9-1f52-4dad-bcbd-a7b7419eca6f",
    "data": [
      {
        "text": "bycountry_Ireland",
        "userDefined": false
      }
    ],
    "isTemplate": false,
    "count": 0,
    "updated": 0
  },
  {
    "id": "fe2f8528-b7f8-4862-8bd7-4e85d30154d1",
    "data": [
      {
        "text": "bycountry_IsleofMan",
        "userDefined": false
      }
    ],
    "isTemplate": false,
    "count": 0,
    "updated": 0
  },
  {
    "id": "4fc6ff4f-4b51-462b-9ca1-6820cbf7583e",
    "data": [
      {
        "text": "bycountry_Slovenia",
        "userDefined": false
      }
    ],
    "isTemplate": false,
    "count": 0,
    "updated": 0
  },
  {
    "id": "61714650-0d80-445e-aa25-3cac4b37af29",
    "data": [
      {
        "text": "bycountry_Estonia",
        "userDefined": false
      }
    ],
    "isTemplate": false,
    "count": 0,
    "updated": 0
  },
  {
    "id": "d466a026-22ea-4a10-8258-e565afa93ff8",
    "data": [
      {
        "text": "bycountry_Monaco",
        "userDefined": false
      }
    ],
    "isTemplate": false,
    "count": 0,
    "updated": 0
  },
  {
    "id": "00bc8a88-a0e1-4f15-9346-166a9fc59391",
    "data": [
      {
        "text": "bycountry_Croatia",
        "userDefined": false
      }
    ],
    "isTemplate": false,
    "count": 0,
    "updated": 0
  },
  {
    "id": "a55d6793-b0b5-4b46-8f9a-b65682b66c87",
    "data": [
      {
        "text": "bycountry_Moldova",
        "userDefined": false
      }
    ],
    "isTemplate": false,
    "count": 0,
    "updated": 0
  },
  {
    "id": "248bf1ab-daec-422f-947e-a3e5f5dc6fe8",
    "data": [
      {
        "text": "bycountry_Albania",
        "userDefined": false
      }
    ],
    "isTemplate": false,
    "count": 0,
    "updated": 0
  },
  {
    "id": "405e313e-7528-4104-b5b9-25b295fe9e99",
    "data": [
      {
        "text": "bycountry_Lithuania",
        "userDefined": false
      }
    ],
    "isTemplate": false,
    "count": 0,
    "updated": 0
  },
  {
    "id": "0f5d9a3f-4042-401b-8ae3-a2b99ff184e5",
    "data": [
      {
        "text": "bycountry_Liechtenstein",
        "userDefined": false
      }
    ],
    "isTemplate": false,
    "count": 0,
    "updated": 0
  },
  {
    "id": "8125c72c-0a67-4c70-9245-ebd3518e4bbe",
    "data": [
      {
        "text": "bycountry_SanMarino",
        "userDefined": false
      }
    ],
    "isTemplate": false,
    "count": 0,
    "updated": 0
  },
  {
    "id": "31b07beb-ee3f-4194-83de-0d36cb557d76",
    "data": [
      {
        "text": "bycountry_Montenegro",
        "userDefined": false
      }
    ],
    "isTemplate": false,
    "count": 0,
    "updated": 0
  },
  {
    "id": "40edb1f0-7647-42b8-8bc5-75d8cfb81970",
    "data": [
      {
        "text": "bycountry_Luxembourg",
        "userDefined": false
      }
    ],
    "isTemplate": false,
    "count": 0,
    "updated": 0
  },
  {
    "id": "9e4237c9-0a8b-441c-b2fa-023965917913",
    "data": [
      {
        "text": "bycountry_Malta",
        "userDefined": false
      }
    ],
    "isTemplate": false,
    "count": 0,
    "updated": 0
  },
  {
    "id": "0e08aea4-adc7-42a8-956f-dc4fc89ee8f9",
    "data": [
      {
        "text": "bycountry_Andorra",
        "userDefined": false
      }
    ],
    "isTemplate": false,
    "count": 4,
    "updated": 0
  }
]