[
  {
    "id": "78c42750-81de-4ae4-9205-aa3efc54782c",
    "data": [
      {
        "text": "three",
        "alias": "adults",
        "meta": "@sys.number",
        "userDefined": true
      }
    ],
    "isTemplate": false,
    "count": 0,
    "updated": 0
  },
  {
    "id": "bc2c924d-bf95-4b47-b130-9e0b4cc35623",
    "data": [
      {
        "text": "2",
        "alias": "adults",
        "meta": "@sys.number",
        "userDefined": true
      }
    ],
    "isTemplate": false,
    "count": 0,
    "updated": 0
  },
  {
    "id": "28625c78-056f-4a05-9713-00b145fd8bdb",
    "data": [
      {
        "text": "We are ",
        "userDefined": false
      },
      {
        "text": "2",
        "alias": "adults",
        "meta": "@sys.number",
        "userDefined": false
      },
      {
        "text": " adults and ",
        "userDefined": false
      },
      {
        "text": "1",
        "alias": "kids",
        "meta": "@sys.number",
        "userDefined": false
      },
      {
        "text": " kid",
        "userDefined": false
      }
    ],
    "isTemplate": false,
    "count": 0,
    "updated": 0
  },
  {
    "id": "c0826f2b-0428-4281-a67a-199b70ff04e6",
    "data": [
      {
        "text": "3",
        "alias": "adults",
        "meta": "@sys.number",
        "userDefined": false
      },
      {
        "text": " adults",
        "userDefined": false
      }
    ],
    "isTemplate": false,
    "count": 0,
    "updated": 0
  },
  {
    "id": "ae9b8a5b-4fcc-4032-bb83-e132899cff84",
    "data": [
      {
        "text": "we are ",
        "userDefined": false
      },
      {
        "text": "four",
        "alias": "adults",
        "meta": "@sys.number",
        "userDefined": false
      },
      {
        "text": " adults and ",
        "userDefined": false
      },
      {
        "text": "one",
        "alias": "kids",
        "meta": "@sys.number",
        "userDefined": false
      },
      {
        "text": " kid",
        "userDefined": false
      }
    ],
    "isTemplate": false,
    "count": 0,
    "updated": 0
  },
  {
    "id": "8f75604a-aaa7-4837-9079-4ba52beba620",
    "data": [
      {
        "text": "we are ",
        "userDefined": false
      },
      {
        "text": "five",
        "alias": "adults",
        "meta": "@sys.number",
        "userDefined": false
      },
      {
        "text": " people total",
        "userDefined": false
      }
    ],
    "isTemplate": false,
    "count": 0,
    "updated": 0
  }
]