[
  {
    "id": "136c71a0-0157-409d-82fa-8f1897938500",
    "data": [
      {
        "text": "4",
        "alias": "num_days",
        "meta": "@sys.number",
        "userDefined": false
      }
    ],
    "isTemplate": false,
    "count": 0,
    "updated": 0
  },
  {
    "id": "2ca5d734-663b-43df-91b1-65c86f599470",
    "data": [
      {
        "text": "duration ",
        "userDefined": false
      },
      {
        "text": "4",
        "alias": "num_days",
        "meta": "@sys.number",
        "userDefined": true
      },
      {
        "text": " days",
        "userDefined": false
      }
    ],
    "isTemplate": false,
    "count": 0,
    "updated": 0
  },
  {
    "id": "9e5a6f45-5315-4d20-80b1-fc30a057a878",
    "data": [
      {
        "text": "10",
        "alias": "num_days",
        "meta": "@sys.number",
        "userDefined": true
      },
      {
        "text": " days",
        "userDefined": false
      }
    ],
    "isTemplate": false,
    "count": 0,
    "updated": 0
  },
  {
    "id": "4d47936d-cb72-44a7-b7b9-fd82ee54c20b",
    "data": [
      {
        "text": "for ",
        "userDefined": false
      },
      {
        "text": "12",
        "alias": "num_days",
        "meta": "@sys.number",
        "userDefined": true
      },
      {
        "text": " days",
        "userDefined": false
      }
    ],
    "isTemplate": false,
    "count": 0,
    "updated": 0
  },
  {
    "id": "51c42d24-4bef-4b6c-9626-b6053c173334",
    "data": [
      {
        "text": "duration of the trip will be ",
        "userDefined": false
      },
      {
        "text": "14",
        "alias": "num_days",
        "meta": "@sys.number",
        "userDefined": true
      },
      {
        "text": " days.",
        "userDefined": false
      }
    ],
    "isTemplate": false,
    "count": 0,
    "updated": 0
  }
]