[
  {
    "id": "77996476-bf71-4162-84f0-c3e48040d3ca",
    "data": [
      {
        "text": "Generate my itinerary ",
        "userDefined": false
      },
      {
        "text": "Nepal",
        "alias": "for_country",
        "meta": "@sys.geo-country",
        "userDefined": true
      },
      {
        "text": " ",
        "userDefined": false
      },
      {
        "text": "Architecture",
        "alias": "experiences",
        "meta": "@experiences",
        "userDefined": true
      },
      {
        "text": " ",
        "userDefined": false
      },
      {
        "text": "Rainforest",
        "alias": "experiences",
        "meta": "@experiences",
        "userDefined": true
      },
      {
        "text": " ",
        "userDefined": false
      },
      {
        "text": "Safari",
        "alias": "experiences",
        "meta": "@experiences",
        "userDefined": true
      },
      {
        "text": " ",
        "userDefined": false
      },
      {
        "text": "Yoga",
        "alias": "experiences",
        "meta": "@experiences",
        "userDefined": true
      }
    ],
    "isTemplate": false,
    "count": 0,
    "updated": 0
  },
  {
    "id": "74d564ef-d062-42be-8ee1-e5076c4d562b",
    "data": [
      {
        "text": "Build my itinerary ",
        "userDefined": false
      },
      {
        "text": "France",
        "alias": "for_country",
        "meta": "@sys.geo-country",
        "userDefined": true
      },
      {
        "text": " ",
        "userDefined": false
      },
      {
        "text": "Beaches",
        "alias": "experiences",
        "meta": "@experiences",
        "userDefined": true
      },
      {
        "text": " ",
        "userDefined": false
      },
      {
        "text": "Museums",
        "alias": "experiences",
        "meta": "@experiences",
        "userDefined": true
      }
    ],
    "isTemplate": false,
    "count": 0,
    "updated": 0
  },
  {
    "id": "ee50fb0c-f6e0-4e81-80cf-033be9d60512",
    "data": [
      {
        "text": "Create",
        "meta": "@sys.ignore",
        "userDefined": false
      },
      {
        "text": " Itinerary ",
        "userDefined": false
      },
      {
        "text": "India",
        "alias": "for_country",
        "meta": "@sys.geo-country",
        "userDefined": true
      },
      {
        "text": " ",
        "userDefined": false
      },
      {
        "text": "Nature",
        "alias": "experiences",
        "meta": "@experiences",
        "userDefined": true
      },
      {
        "text": " ",
        "userDefined": false
      },
      {
        "text": "Art",
        "alias": "experiences",
        "meta": "@experiences",
        "userDefined": true
      },
      {
        "text": " ",
        "userDefined": false
      },
      {
        "text": "Adventure",
        "alias": "experiences",
        "meta": "@experiences",
        "userDefined": true
      },
      {
        "text": " ",
        "userDefined": false
      },
      {
        "text": "Skiing",
        "alias": "experiences",
        "meta": "@experiences",
        "userDefined": true
      }
    ],
    "isTemplate": false,
    "count": 0,
    "updated": 0
  }
]