[
  {
    "id": "c378c9cc-1fa9-4f2a-ae22-5627c6f31c30",
    "data": [
      {
        "text": "What can you do for me?",
        "userDefined": false
      }
    ],
    "isTemplate": false,
    "count": 0,
    "updated": 0
  },
  {
    "id": "60747fde-9636-46d9-904b-48cfb14de707",
    "data": [
      {
        "text": "How can you help me?",
        "userDefined": false
      }
    ],
    "isTemplate": false,
    "count": 0,
    "updated": 0
  },
  {
    "id": "0a95e36b-a601-4c99-8593-66423fa812db",
    "data": [
      {
        "text": "explore for me",
        "userDefined": false
      }
    ],
    "isTemplate": false,
    "count": 0,
    "updated": 0
  },
  {
    "id": "633d60e1-fccc-4c00-990e-189efcf9a8e6",
    "data": [
      {
        "text": "find me",
        "userDefined": false
      }
    ],
    "isTemplate": false,
    "count": 0,
    "updated": 0
  },
  {
    "id": "fcd7994b-7ec8-4d29-83c6-a8ec3c4b6b92",
    "data": [
      {
        "text": "search me",
        "userDefined": false
      }
    ],
    "isTemplate": false,
    "count": 0,
    "updated": 0
  },
  {
    "id": "c594bef4-5c5c-469b-a413-e9eca2248457",
    "data": [
      {
        "text": "how to?",
        "userDefined": false
      }
    ],
    "isTemplate": false,
    "count": 0,
    "updated": 0
  },
  {
    "id": "48e8c415-9641-471a-bab3-118901a276af",
    "data": [
      {
        "text": "can you find me something",
        "userDefined": false
      }
    ],
    "isTemplate": false,
    "count": 0,
    "updated": 0
  },
  {
    "id": "3f6b9b4b-5a44-431c-bd40-167add2a831d",
    "data": [
      {
        "text": "help me find places",
        "userDefined": false
      }
    ],
    "isTemplate": false,
    "count": 0,
    "updated": 0
  },
  {
    "id": "f758f23f-68c5-4743-9cd3-3ee29162360e",
    "data": [
      {
        "text": "help",
        "userDefined": false
      }
    ],
    "isTemplate": false,
    "count": 0,
    "updated": 0
  },
  {
    "id": "f5f12b6b-3a5c-42db-b01a-2993c0e33aa2",
    "data": [
      {
        "text": "Help Please",
        "userDefined": false
      }
    ],
    "isTemplate": false,
    "count": 0,
    "updated": 0
  },
  {
    "id": "00178d70-aa59-481a-89ae-4bfa363f9f3a",
    "data": [
      {
        "text": "Yelp for Help",
        "userDefined": false
      }
    ],
    "isTemplate": false,
    "count": 0,
    "updated": 0
  }
]