[
  {
    "id": "feea08d7-4218-45f1-a68c-a5904b69f5e2",
    "data": [
      {
        "text": "TELEGRAM_CONTINENT ",
        "userDefined": false
      },
      {
        "text": "Asia",
        "alias": "continents_of_world",
        "meta": "@continents_of_world",
        "userDefined": true
      }
    ],
    "isTemplate": false,
    "count": 0,
    "updated": 0
  },
  {
    "id": "76b9adff-68c2-45dc-baef-035a4d112ada",
    "data": [
      {
        "text": "TELEGRAM_CONTINENT ",
        "userDefined": false
      },
      {
        "text": "Europe",
        "alias": "continents_of_world",
        "meta": "@continents_of_world",
        "userDefined": true
      }
    ],
    "isTemplate": false,
    "count": 0,
    "updated": 0
  },
  {
    "id": "16b8b3ff-957a-4e00-b793-aba0d388c061",
    "data": [
      {
        "text": "Country to visit in ",
        "userDefined": false
      },
      {
        "text": "Europe",
        "alias": "continents_of_world",
        "meta": "@continents_of_world",
        "userDefined": false
      },
      {
        "text": "?",
        "userDefined": false
      }
    ],
    "isTemplate": false,
    "count": 0,
    "updated": 0
  },
  {
    "id": "c964ba1a-8aa1-4a1b-bc12-b5bfb806eee8",
    "data": [
      {
        "text": "Place to visit in ",
        "userDefined": false
      },
      {
        "text": "Asia",
        "alias": "continents_of_world",
        "meta": "@continents_of_world",
        "userDefined": false
      }
    ],
    "isTemplate": false,
    "count": 0,
    "updated": 0
  },
  {
    "id": "e58e6d5b-8975-4ccd-8d4b-b664d6a2d068",
    "data": [
      {
        "text": "Asia",
        "alias": "continents_of_world",
        "meta": "@continents_of_world",
        "userDefined": true
      }
    ],
    "isTemplate": false,
    "count": 0,
    "updated": 0
  },
  {
    "id": "3754ef0e-ebef-4239-97d3-eca47148e089",
    "data": [
      {
        "text": "Europe",
        "alias": "continents_of_world",
        "meta": "@continents_of_world",
        "userDefined": true
      }
    ],
    "isTemplate": false,
    "count": 0,
    "updated": 0
  },
  {
    "id": "fe63fe60-96aa-44fd-a750-8489264be856",
    "data": [
      {
        "text": "Best country to visit in ",
        "userDefined": false
      },
      {
        "text": "Europe",
        "alias": "continents_of_world",
        "meta": "@continents_of_world",
        "userDefined": true
      },
      {
        "text": "?",
        "userDefined": false
      }
    ],
    "isTemplate": false,
    "count": 0,
    "updated": 0
  },
  {
    "id": "d8d0bc50-a698-44b6-bcec-373ff907775f",
    "data": [
      {
        "text": "Which country can i visit in ",
        "userDefined": false
      },
      {
        "text": "Asia",
        "alias": "continents_of_world",
        "meta": "@continents_of_world",
        "userDefined": true
      },
      {
        "text": "?",
        "userDefined": false
      }
    ],
    "isTemplate": false,
    "count": 0,
    "updated": 0
  },
  {
    "id": "954dc548-e0e7-4bf3-839c-6c887900e113",
    "data": [
      {
        "text": "Find me best place in ",
        "userDefined": false
      },
      {
        "text": "Asia",
        "alias": "continents_of_world",
        "meta": "@continents_of_world",
        "userDefined": true
      }
    ],
    "isTemplate": false,
    "count": 1,
    "updated": 0
  },
  {
    "id": "a76a625a-3112-4998-8f0d-f428437bd0b1",
    "data": [
      {
        "text": "Find me best place in ",
        "userDefined": false
      },
      {
        "text": "Europe",
        "alias": "continents_of_world",
        "meta": "@continents_of_world",
        "userDefined": true
      }
    ],
    "isTemplate": false,
    "count": 0,
    "updated": 0
  }
]