[
  {
    "id": "230ecbbe-cd72-4bbd-8ee5-4ef58d332b9c",
    "data": [
      {
        "text": "TELEGRAM_BY_DESTINATION ",
        "userDefined": false
      },
      {
        "text": "Europe",
        "alias": "continents_of_world",
        "meta": "@continents_of_world",
        "userDefined": false
      }
    ],
    "isTemplate": false,
    "count": 0,
    "updated": 0
  },
  {
    "id": "2d763421-c757-46af-80db-25ff041c541e",
    "data": [
      {
        "text": "TELEGRAM_BY_DESTINATION ",
        "userDefined": false
      },
      {
        "text": "Asia",
        "alias": "continents_of_world",
        "meta": "@continents_of_world",
        "userDefined": false
      }
    ],
    "isTemplate": false,
    "count": 0,
    "updated": 0
  },
  {
    "id": "9f2e7098-888e-4308-8596-dfab2765874b",
    "data": [
      {
        "text": "TELEGRAM_BY_COUNTRY ",
        "userDefined": false
      },
      {
        "text": "Asia",
        "alias": "continents_of_world",
        "meta": "@continents_of_world",
        "userDefined": false
      }
    ],
    "isTemplate": false,
    "count": 0,
    "updated": 0
  },
  {
    "id": "5e59f133-9448-4929-a959-742ff206701a",
    "data": [
      {
        "text": "TELEGRAM_BY_EXPERIENCE ",
        "userDefined": false
      },
      {
        "text": "Asia",
        "alias": "continents_of_world",
        "meta": "@continents_of_world",
        "userDefined": false
      }
    ],
    "isTemplate": false,
    "count": 0,
    "updated": 0
  },
  {
    "id": "20071986-2f71-4f3b-848f-affa18f93ace",
    "data": [
      {
        "text": "TELEGRAM_BY_EXPERIENCE ",
        "userDefined": false
      },
      {
        "text": "Europe",
        "alias": "continents_of_world",
        "meta": "@continents_of_world",
        "userDefined": true
      }
    ],
    "isTemplate": false,
    "count": 0,
    "updated": 0
  },
  {
    "id": "d70e0804-579f-455e-8000-297f8bd883a7",
    "data": [
      {
        "text": "TELEGRAM_",
        "userDefined": false
      },
      {
        "text": "BY_COUNTRY",
        "meta": "@sys.ignore",
        "userDefined": true
      },
      {
        "text": " ",
        "userDefined": false
      },
      {
        "text": "Europe",
        "alias": "continents_of_world",
        "meta": "@continents_of_world",
        "userDefined": true
      }
    ],
    "isTemplate": false,
    "count": 0,
    "updated": 0
  }
]