[
  {
    "id": "7c7a2de7-58cb-455a-bed1-50fe1e7263dc",
    "data": [
      {
        "text": "Its ",
        "userDefined": false
      },
      {
        "text": "Malaysia",
        "alias": "geo-country",
        "meta": "@sys.geo-country",
        "userDefined": false
      }
    ],
    "isTemplate": false,
    "count": 0,
    "updated": 0
  },
  {
    "id": "5b5cfa11-bbd5-4ff4-a7eb-4be62b16a5c3",
    "data": [
      {
        "text": "My country is ",
        "userDefined": false
      },
      {
        "text": "Srilanks",
        "alias": "geo-country",
        "meta": "@sys.geo-country",
        "userDefined": false
      }
    ],
    "isTemplate": false,
    "count": 0,
    "updated": 0
  },
  {
    "id": "0efaf9d1-0edd-47c1-b0eb-64fc08dbd738",
    "data": [
      {
        "text": "My country is ",
        "userDefined": false
      },
      {
        "text": "Germany",
        "alias": "geo-country",
        "meta": "@sys.geo-country",
        "userDefined": false
      }
    ],
    "isTemplate": false,
    "count": 0,
    "updated": 0
  },
  {
    "id": "22c25f4e-73ca-4661-b80a-73bc9decd7d3",
    "data": [
      {
        "text": "Poland",
        "alias": "geo-country",
        "meta": "@sys.geo-country",
        "userDefined": false
      }
    ],
    "isTemplate": false,
    "count": 0,
    "updated": 0
  },
  {
    "id": "805a9496-9958-43ac-b9eb-14908aaf9ae3",
    "data": [
      {
        "text": "Ukrain",
        "alias": "geo-country",
        "meta": "@sys.geo-country",
        "userDefined": false
      }
    ],
    "isTemplate": false,
    "count": 0,
    "updated": 0
  },
  {
    "id": "4d958f6c-bc81-434e-87d5-bfc0b951bbe4",
    "data": [
      {
        "text": "United Kingdom",
        "alias": "geo-country",
        "meta": "@sys.geo-country",
        "userDefined": false
      }
    ],
    "isTemplate": false,
    "count": 0,
    "updated": 0
  },
  {
    "id": "78fb1081-c3a4-4e59-ada0-c38328c3f20b",
    "data": [
      {
        "text": "India",
        "alias": "geo-country",
        "meta": "@sys.geo-country",
        "userDefined": false
      }
    ],
    "isTemplate": false,
    "count": 0,
    "updated": 0
  }
]