[
  {
    "id": "82d5fbe4-305b-4840-864d-e621f2df99ad",
    "data": [
      {
        "text": "find out ",
        "userDefined": false
      },
      {
        "text": "whats on",
        "alias": "bucketlist_ops",
        "meta": "@bucketlist_ops",
        "userDefined": true
      },
      {
        "text": " my ",
        "userDefined": false
      },
      {
        "text": "bucket list",
        "alias": "bucketlist",
        "meta": "@bucketlist",
        "userDefined": false
      }
    ],
    "isTemplate": false,
    "count": 0,
    "updated": 0
  },
  {
    "id": "add10d57-12cc-46ac-b698-4a3069c4d3a7",
    "data": [
      {
        "text": "check",
        "alias": "bucketlist_ops",
        "meta": "@bucketlist_ops",
        "userDefined": true
      },
      {
        "text": " my ",
        "userDefined": false
      },
      {
        "text": "bucket list",
        "alias": "bucketlist",
        "meta": "@bucketlist",
        "userDefined": false
      }
    ],
    "isTemplate": false,
    "count": 0,
    "updated": 0
  },
  {
    "id": "319f2c95-51da-453c-9e8d-9b7546de7621",
    "data": [
      {
        "text": "whats on",
        "alias": "bucketlist_ops",
        "meta": "@bucketlist_ops",
        "userDefined": true
      },
      {
        "text": " my ",
        "userDefined": false
      },
      {
        "text": "wish list",
        "alias": "bucketlist",
        "meta": "@bucketlist",
        "userDefined": false
      }
    ],
    "isTemplate": false,
    "count": 0,
    "updated": 0
  },
  {
    "id": "f5c89e6e-d871-4e68-a25c-04590e606712",
    "data": [
      {
        "text": "show",
        "alias": "bucketlist_ops",
        "meta": "@bucketlist_ops",
        "userDefined": false
      },
      {
        "text": " my ",
        "userDefined": false
      },
      {
        "text": "wish list",
        "alias": "bucketlist",
        "meta": "@bucketlist",
        "userDefined": false
      }
    ],
    "isTemplate": false,
    "count": 0,
    "updated": 0
  },
  {
    "id": "bf9e11d9-d909-4cd9-a644-11bc1f4497d3",
    "data": [
      {
        "text": "Display",
        "alias": "bucketlist_ops",
        "meta": "@bucketlist_ops",
        "userDefined": false
      },
      {
        "text": " my ",
        "userDefined": false
      },
      {
        "text": "wish list",
        "alias": "bucketlist",
        "meta": "@bucketlist",
        "userDefined": false
      }
    ],
    "isTemplate": false,
    "count": 0,
    "updated": 0
  },
  {
    "id": "2526bb12-ce36-44f0-a3d9-6ca2bbda5450",
    "data": [
      {
        "text": "Show",
        "alias": "bucketlist_ops",
        "meta": "@bucketlist_ops",
        "userDefined": false
      },
      {
        "text": " my ",
        "userDefined": false
      },
      {
        "text": "bucket list",
        "alias": "bucketlist",
        "meta": "@bucketlist",
        "userDefined": false
      }
    ],
    "isTemplate": false,
    "count": 0,
    "updated": 0
  }
]