[
  {
    "id": "60bfe4db-69e6-4f49-b57f-31529e7adc6d",
    "data": [
      {
        "text": "Best airlines to Europe.",
        "userDefined": false
      }
    ],
    "isTemplate": false,
    "count": 0,
    "updated": 0
  },
  {
    "id": "52a3a6cd-95da-4175-80aa-a4e8d32c48a4",
    "data": [
      {
        "text": "Cheap Airlines.",
        "userDefined": false
      }
    ],
    "isTemplate": false,
    "count": 0,
    "updated": 0
  },
  {
    "id": "3113eb41-550c-4457-832f-97af93ac4f7e",
    "data": [
      {
        "text": "Cheap flights to Europe",
        "userDefined": false
      }
    ],
    "isTemplate": false,
    "count": 0,
    "updated": 0
  },
  {
    "id": "8b9cf2fa-e186-4ae6-8481-6648d5209b8c",
    "data": [
      {
        "text": "Search me cheapest flights",
        "userDefined": false
      }
    ],
    "isTemplate": false,
    "count": 0,
    "updated": 0
  },
  {
    "id": "b426d02b-82e4-4d13-979d-06502fb950d1",
    "data": [
      {
        "text": "Flights for my ",
        "userDefined": false
      },
      {
        "text": "bucket list",
        "alias": "bucketlist",
        "meta": "@bucketlist",
        "userDefined": false
      }
    ],
    "isTemplate": false,
    "count": 0,
    "updated": 0
  },
  {
    "id": "c43a6452-2623-4758-b09f-49a1197c8b69",
    "data": [
      {
        "text": "Flights to ",
        "userDefined": false
      },
      {
        "text": "france",
        "alias": "geo-country",
        "meta": "@sys.geo-country",
        "userDefined": false
      }
    ],
    "isTemplate": false,
    "count": 0,
    "updated": 0
  },
  {
    "id": "c7389c24-85eb-4165-86be-be866a7ea392",
    "data": [
      {
        "text": "Flights",
        "userDefined": false
      }
    ],
    "isTemplate": false,
    "count": 0,
    "updated": 0
  },
  {
    "id": "41919e99-26ab-405c-a412-cb3dd5e03136",
    "data": [
      {
        "text": "Can you search flights from ",
        "userDefined": false
      },
      {
        "text": "India",
        "alias": "geo-country",
        "meta": "@sys.geo-country",
        "userDefined": false
      },
      {
        "text": " to ",
        "userDefined": false
      },
      {
        "text": "London",
        "alias": "geo-city",
        "meta": "@sys.geo-city",
        "userDefined": false
      }
    ],
    "isTemplate": false,
    "count": 0,
    "updated": 0
  }
]