[
  {
    "id": "9bff9b08-2211-44a2-ad67-300775122c05",
    "data": [
      {
        "text": "Best time to visit to ",
        "userDefined": false
      },
      {
        "text": "Poland",
        "alias": "geo-country",
        "meta": "@sys.geo-country",
        "userDefined": false
      }
    ],
    "isTemplate": false,
    "count": 0,
    "updated": 0
  },
  {
    "id": "655faf56-cd00-46c3-a4d5-2e12e351b885",
    "data": [
      {
        "text": "When to travel to ",
        "userDefined": false
      },
      {
        "text": "Iceland",
        "alias": "geo-country",
        "meta": "@sys.geo-country",
        "userDefined": false
      }
    ],
    "isTemplate": false,
    "count": 0,
    "updated": 0
  },
  {
    "id": "1d8208b1-5a97-472e-89e0-fd7a0a48b99b",
    "data": [
      {
        "text": "Best time to visit ",
        "userDefined": false
      },
      {
        "text": "France",
        "alias": "geo-country",
        "meta": "@sys.geo-country",
        "userDefined": false
      }
    ],
    "isTemplate": false,
    "count": 0,
    "updated": 0
  },
  {
    "id": "fa797257-356c-4b72-93e4-fe11508762bc",
    "data": [
      {
        "text": "When to Travel to ",
        "userDefined": false
      },
      {
        "text": "France",
        "alias": "geo-country",
        "meta": "@sys.geo-country",
        "userDefined": false
      }
    ],
    "isTemplate": false,
    "count": 0,
    "updated": 0
  },
  {
    "id": "6fa0b7f5-ed5d-405e-a942-ddf8e60c62f2",
    "data": [
      {
        "text": "When to Visit ",
        "userDefined": false
      },
      {
        "text": "Italy",
        "alias": "geo-country",
        "meta": "@sys.geo-country",
        "userDefined": false
      }
    ],
    "isTemplate": false,
    "count": 0,
    "updated": 0
  },
  {
    "id": "5976d092-3d6a-4a53-8954-75e01a5db556",
    "data": [
      {
        "text": "When to visit ",
        "userDefined": false
      },
      {
        "text": "Austria",
        "alias": "geo-country",
        "meta": "@sys.geo-country",
        "userDefined": false
      }
    ],
    "isTemplate": false,
    "count": 0,
    "updated": 0
  },
  {
    "id": "febb7e6d-6c50-4a1d-b790-8a34e36134a5",
    "data": [
      {
        "text": "When to visit ",
        "userDefined": false
      },
      {
        "text": "Iceland",
        "alias": "geo-country",
        "meta": "@sys.geo-country",
        "userDefined": false
      }
    ],
    "isTemplate": false,
    "count": 0,
    "updated": 0
  },
  {
    "id": "47e7bfce-6400-4f14-b85f-ab6b5b33681f",
    "data": [
      {
        "text": "When to visit ",
        "userDefined": false
      },
      {
        "text": "Germany",
        "alias": "geo-country",
        "meta": "@sys.geo-country",
        "userDefined": false
      }
    ],
    "isTemplate": false,
    "count": 1,
    "updated": 0
  },
  {
    "id": "31b05e8d-d293-41e1-bbb3-3f4b8b2932d3",
    "data": [
      {
        "text": "When to visit ",
        "userDefined": false
      },
      {
        "text": "United Kingdom",
        "alias": "geo-country",
        "meta": "@sys.geo-country",
        "userDefined": false
      }
    ],
    "isTemplate": false,
    "count": 0,
    "updated": 0
  },
  {
    "id": "427eba59-d9fa-4d3c-a438-c2b9e5863dc6",
    "data": [
      {
        "text": "When to visit ",
        "userDefined": false
      },
      {
        "text": "Poland",
        "alias": "geo-country",
        "meta": "@sys.geo-country",
        "userDefined": false
      }
    ],
    "isTemplate": false,
    "count": 0,
    "updated": 0
  },
  {
    "id": "92dd8dc9-b489-4adb-bff2-f0e04862bfcc",
    "data": [
      {
        "text": "When to visit ",
        "userDefined": false
      },
      {
        "text": "France",
        "alias": "geo-country",
        "meta": "@sys.geo-country",
        "userDefined": false
      }
    ],
    "isTemplate": false,
    "count": 0,
    "updated": 0
  }
]