[
  {
    "id": "77c7e6de-d2d3-4b26-8021-242cc9c227da",
    "data": [
      {
        "text": "explore for me",
        "userDefined": false
      }
    ],
    "isTemplate": false,
    "count": 0,
    "updated": 0
  },
  {
    "id": "cdf0e97e-a8d7-458f-8428-2bcd198d19f3",
    "data": [
      {
        "text": "find me",
        "userDefined": false
      }
    ],
    "isTemplate": false,
    "count": 0,
    "updated": 0
  },
  {
    "id": "561347a9-e7e2-4206-be9a-f8948a5bd18b",
    "data": [
      {
        "text": "search me",
        "userDefined": false
      }
    ],
    "isTemplate": false,
    "count": 0,
    "updated": 0
  },
  {
    "id": "a72d87b0-6b3a-4b60-9b12-80b4ef0ad8be",
    "data": [
      {
        "text": "how to?",
        "userDefined": false
      }
    ],
    "isTemplate": false,
    "count": 0,
    "updated": 0
  },
  {
    "id": "09a8bb90-02f8-44d4-a0f9-f75efcadc800",
    "data": [
      {
        "text": "can you find me something",
        "userDefined": false
      }
    ],
    "isTemplate": false,
    "count": 0,
    "updated": 0
  },
  {
    "id": "aa0ccf58-9560-4c23-bf2e-9db0264336a7",
    "data": [
      {
        "text": "help me find places",
        "userDefined": false
      }
    ],
    "isTemplate": false,
    "count": 0,
    "updated": 0
  },
  {
    "id": "899c12f5-697a-4639-a256-98b4c1427cb2",
    "data": [
      {
        "text": "help",
        "userDefined": false
      }
    ],
    "isTemplate": false,
    "count": 0,
    "updated": 0
  },
  {
    "id": "9aa2e9a0-d9c4-43f2-89f5-03d698cca390",
    "data": [
      {
        "text": "Help Please",
        "userDefined": false
      }
    ],
    "isTemplate": false,
    "count": 0,
    "updated": 0
  },
  {
    "id": "a5a831aa-292e-4f48-b4ca-33c1befcbeb2",
    "data": [
      {
        "text": "Yelp for Help",
        "userDefined": false
      }
    ],
    "isTemplate": false,
    "count": 0,
    "updated": 0
  }
]