[
  {
    "value": "Europe",
    "synonyms": [
      "Europe",
      "europe",
      "EUROPE"
    ]
  },
  {
    "value": "Asia",
    "synonyms": [
      "Asia",
      "asia",
      "ASIA"
    ]
  },
  {
    "value": "America",
    "synonyms": [
      "America",
      "america",
      "US",
      "North America",
      "South America"
    ]
  },
  {
    "value": "Australia",
    "synonyms": [
      "Australia",
      "australia"
    ]
  },
  {
    "value": "Africa",
    "synonyms": [
      "Africa",
      "africa"
    ]
  }
]