[
  {
    "value": "Rafting",
    "synonyms": [
      "Rafting"
    ]
  },
  {
    "value": "Hiking",
    "synonyms": [
      "Hiking"
    ]
  },
  {
    "value": "Camping",
    "synonyms": [
      "Camping"
    ]
  },
  {
    "value": "Kayaking",
    "synonyms": [
      "Kayaking"
    ]
  },
  {
    "value": "OutdoorRecreation",
    "synonyms": [
      "OutdoorRecreation",
      "Outdoor Recreation"
    ]
  },
  {
    "value": "Adventure",
    "synonyms": [
      "Adventure"
    ]
  },
  {
    "value": "WinterSports",
    "synonyms": [
      "WinterSports",
      "Winter Sports",
      "Winter Sport"
    ]
  },
  {
    "value": "Snowboarding",
    "synonyms": [
      "Snowboarding",
      "Snow boarding",
      "snow"
    ]
  },
  {
    "value": "Skiing",
    "synonyms": [
      "Skiing"
    ]
  },
  {
    "value": "Surfing",
    "synonyms": [
      "Surfing"
    ]
  },
  {
    "value": "Sailing",
    "synonyms": [
      "Sailing"
    ]
  },
  {
    "value": "NationalParks",
    "synonyms": [
      "NationalParks",
      "National Parks",
      "NationalPark"
    ]
  },
  {
    "value": "Wildlife",
    "synonyms": [
      "Wildlife",
      "Wild Life"
    ]
  },
  {
    "value": "Reindeer",
    "synonyms": [
      "Reindeer"
    ]
  },
  {
    "value": "Nature",
    "synonyms": [
      "Nature",
      "Scenic",
      "Beautiful",
      "attractive",
      "natural beauty",
      "natural",
      "prettiest"
    ]
  },
  {
    "value": "NatureReserve",
    "synonyms": [
      "NatureReserve",
      "Nature Reserve",
      "lakes",
      "mountains"
    ]
  },
  {
    "value": "HotSpring",
    "synonyms": [
      "HotSpring",
      "Hot Spring",
      "geyser"
    ]
  },
  {
    "value": "Caves",
    "synonyms": [
      "Caves"
    ]
  },
  {
    "value": "Beaches",
    "synonyms": [
      "Beaches",
      "beach"
    ]
  },
  {
    "value": "Volcano",
    "synonyms": [
      "Volcano"
    ]
  },
  {
    "value": "Glacier",
    "synonyms": [
      "Glacier"
    ]
  },
  {
    "value": "Architecture",
    "synonyms": [
      "Architecture"
    ]
  },
  {
    "value": "Museums",
    "synonyms": [
      "Museums"
    ]
  },
  {
    "value": "Theaters",
    "synonyms": [
      "Theaters"
    ]
  },
  {
    "value": "Art",
    "synonyms": [
      "Art"
    ]
  },
  {
    "value": "WineTasting",
    "synonyms": [
      "WineTasting",
      "Wine Tasting"
    ]
  },
  {
    "value": "Nightlife",
    "synonyms": [
      "Nightlife",
      "Night life"
    ]
  },
  {
    "value": "Shopping",
    "synonyms": [
      "Shopping"
    ]
  },
  {
    "value": "Ecotourism",
    "synonyms": [
      "Ecotourism",
      "Eco tourism"
    ]
  },
  {
    "value": "ScubaDiving",
    "synonyms": [
      "ScubaDiving",
      "Scuba Diving"
    ]
  },
  {
    "value": "DONE",
    "synonyms": [
      "DONE"
    ]
  }
]