[
  {
    "value": "Rafting",
    "synonyms": [
      "Rafting"
    ]
  },
  {
    "value": "Hiking",
    "synonyms": [
      "Hiking"
    ]
  },
  {
    "value": "Camping",
    "synonyms": [
      "Camping"
    ]
  },
  {
    "value": "Kayaking",
    "synonyms": [
      "Kayaking"
    ]
  },
  {
    "value": "OutdoorRecreation",
    "synonyms": [
      "OutdoorRecreation",
      "Outdoor Recreation"
    ]
  },
  {
    "value": "Adventure",
    "synonyms": [
      "Adventure"
    ]
  },
  {
    "value": "WinterSports",
    "synonyms": [
      "WinterSports",
      "Winter Sports",
      "Winter Sport"
    ]
  },
  {
    "value": "Snowboarding",
    "synonyms": [
      "Snowboarding",
      "Snow boarding",
      "snow"
    ]
  },
  {
    "value": "Skiing",
    "synonyms": [
      "Skiing"
    ]
  },
  {
    "value": "Surfing",
    "synonyms": [
      "Surfing"
    ]
  },
  {
    "value": "Sailing",
    "synonyms": [
      "Sailing"
    ]
  },
  {
    "value": "NationalParks",
    "synonyms": [
      "NationalParks",
      "National Parks",
      "NationalPark"
    ]
  },
  {
    "value": "Wildlife",
    "synonyms": [
      "Wildlife",
      "Wild Life"
    ]
  },
  {
    "value": "Reindeer",
    "synonyms": [
      "Reindeer"
    ]
  },
  {
    "value": "Nature",
    "synonyms": [
      "Nature",
      "Scenic",
      "Beautiful",
      "attractive",
      "natural beauty",
      "natural",
      "prettiest"
    ]
  },
  {
    "value": "NatureReserve",
    "synonyms": [
      "NatureReserve",
      "Nature Reserve",
      "lakes",
      "mountains"
    ]
  },
  {
    "value": "HotSpring",
    "synonyms": [
      "HotSpring",
      "Hot Spring",
      "geyser"
    ]
  },
  {
    "value": "Caves",
    "synonyms": [
      "Caves"
    ]
  },
  {
    "value": "Beaches",
    "synonyms": [
      "Beaches",
      "beach"
    ]
  },
  {
    "value": "Volcano",
    "synonyms": [
      "Volcano"
    ]
  },
  {
    "value": "Glacier",
    "synonyms": [
      "Glacier"
    ]
  },
  {
    "value": "Architecture",
    "synonyms": [
      "Architecture"
    ]
  },
  {
    "value": "Museums",
    "synonyms": [
      "Museums"
    ]
  },
  {
    "value": "Theaters",
    "synonyms": [
      "Theaters"
    ]
  },
  {
    "value": "Art",
    "synonyms": [
      "Art"
    ]
  },
  {
    "value": "WineTasting",
    "synonyms": [
      "WineTasting",
      "Wine Tasting"
    ]
  },
  {
    "value": "Nightlife",
    "synonyms": [
      "Nightlife",
      "Night life"
    ]
  },
  {
    "value": "Shopping",
    "synonyms": [
      "Shopping"
    ]
  },
  {
    "value": "Ecotourism",
    "synonyms": [
      "Ecotourism",
      "Eco tourism"
    ]
  },
  {
    "value": "ScubaDiving",
    "synonyms": [
      "ScubaDiving",
      "Scuba Diving"
    ]
  },
  {
    "value": "Fishing",
    "synonyms": [
      "Fishing"
    ]
  },
  {
    "value": "Desert",
    "synonyms": [
      "Desert"
    ]
  },
  {
    "value": "CoralReef",
    "synonyms": [
      "CoralReef"
    ]
  },
  {
    "value": "Penguin",
    "synonyms": [
      "Penguin"
    ]
  },
  {
    "value": "Glacier",
    "synonyms": [
      "Glacier"
    ]
  },
  {
    "value": "Ecotourism",
    "synonyms": [
      "Ecotourism"
    ]
  },
  {
    "value": "Snorkeling",
    "synonyms": [
      "Snorkeling"
    ]
  },
  {
    "value": "Koala",
    "synonyms": [
      "Koala"
    ]
  },
  {
    "value": "Surfing",
    "synonyms": [
      "Surfing"
    ]
  },
  {
    "value": "NatureReserve",
    "synonyms": [
      "NatureReserve",
      "Nature Reserve"
    ]
  },
  {
    "value": "Volcano",
    "synonyms": [
      "Volcano"
    ]
  },
  {
    "value": "Sailing",
    "synonyms": [
      "Sailing"
    ]
  },
  {
    "value": "ScubaDiving",
    "synonyms": [
      "ScubaDiving"
    ]
  },
  {
    "value": "Elephant",
    "synonyms": [
      "Elephant"
    ]
  },
  {
    "value": "Safari",
    "synonyms": [
      "Safari"
    ]
  },
  {
    "value": "Jaguar",
    "synonyms": [
      "Jaguar"
    ]
  },
  {
    "value": "Casinos",
    "synonyms": [
      "Casinos"
    ]
  },
  {
    "value": "Kitesurfing",
    "synonyms": [
      "Kitesurfing"
    ]
  },
  {
    "value": "Windsurfing",
    "synonyms": [
      "Windsurfing"
    ]
  },
  {
    "value": "Birdwatching",
    "synonyms": [
      "Birdwatching"
    ]
  },
  {
    "value": "Rainforest",
    "synonyms": [
      "Rainforest"
    ]
  },
  {
    "value": "WhaleWatching",
    "synonyms": [
      "WhaleWatching",
      "Whale Watching"
    ]
  },
  {
    "value": "Reindeer",
    "synonyms": [
      "Reindeer"
    ]
  },
  {
    "value": "Gorilla",
    "synonyms": [
      "Gorilla"
    ]
  },
  {
    "value": "PolarBear",
    "synonyms": [
      "PolarBear",
      "Polar Bear"
    ]
  },
  {
    "value": "Tiger",
    "synonyms": [
      "Tiger"
    ]
  },
  {
    "value": "Yoga",
    "synonyms": [
      "Yoga"
    ]
  },
  {
    "value": "Orangutan",
    "synonyms": [
      "Orangutan"
    ]
  },
  {
    "value": "Golf",
    "synonyms": [
      "Golf"
    ]
  },
  {
    "value": "AutumnLeafColor",
    "synonyms": [
      "AutumnLeafColor",
      "Autumn Leaf Color"
    ]
  },
  {
    "value": "Dolphin",
    "synonyms": [
      "Dolphin"
    ]
  },
  {
    "value": "Climbing",
    "synonyms": [
      "Climbing"
    ]
  },
  {
    "value": "Paragliding",
    "synonyms": [
      "Paragliding"
    ]
  },
  {
    "value": "BungeeJumping",
    "synonyms": [
      "BungeeJumping",
      "Bungee Jumping"
    ]
  },
  {
    "value": "WhaleShark",
    "synonyms": [
      "WhaleShark",
      "Whale Shark"
    ]
  },
  {
    "value": "AlpineSkiing",
    "synonyms": [
      "AlpineSkiing",
      "Alpine Skiing"
    ]
  },
  {
    "value": "HistoricSite",
    "synonyms": [
      "HistoricSite",
      "Historic Site"
    ]
  },
  {
    "value": "DONE",
    "synonyms": [
      "DONE"
    ]
  }
]