[
  {
    "value": "CzechRepublic",
    "synonyms": [
      "Czechia"
    ]
  },
  {
    "value": "Andorra",
    "synonyms": [
      "Andorra"
    ]
  },
  {
    "value": "Malta",
    "synonyms": [
      "Malta"
    ]
  },
  {
    "value": "Luxembourg",
    "synonyms": [
      "Luxembourg"
    ]
  },
  {
    "value": "Montenegro",
    "synonyms": [
      "Montenegro"
    ]
  },
  {
    "value": "SanMarino",
    "synonyms": [
      "SanMarino",
      "San Marino"
    ]
  },
  {
    "value": "Liechtenstein",
    "synonyms": [
      "Liechtenstein"
    ]
  },
  {
    "value": "Monaco",
    "synonyms": [
      "Monaco"
    ]
  },
  {
    "value": "Estonia",
    "synonyms": [
      "Estonia"
    ]
  },
  {
    "value": "Slovenia",
    "synonyms": [
      "Slovenia"
    ]
  },
  {
    "value": "Lithuania",
    "synonyms": [
      "Lithuania"
    ]
  },
  {
    "value": "Albania",
    "synonyms": [
      "Albania"
    ]
  },
  {
    "value": "Moldova",
    "synonyms": [
      "Moldova"
    ]
  },
  {
    "value": "Croatia",
    "synonyms": [
      "Croatia"
    ]
  },
  {
    "value": "Ireland",
    "synonyms": [
      "Ireland"
    ]
  },
  {
    "value": "Iceland",
    "synonyms": [
      "Iceland"
    ]
  },
  {
    "value": "Norway",
    "synonyms": [
      "Norway"
    ]
  },
  {
    "value": "Denmark",
    "synonyms": [
      "Denmark"
    ]
  },
  {
    "value": "Finland",
    "synonyms": [
      "Finland"
    ]
  },
  {
    "value": "FaroeIslands",
    "synonyms": [
      "FaroeIslands",
      "Faroe Islands"
    ]
  },
  {
    "value": "Slovakia",
    "synonyms": [
      "Slovakia"
    ]
  },
  {
    "value": "Bulgaria",
    "synonyms": [
      "Bulgaria"
    ]
  },
  {
    "value": "Gibraltar",
    "synonyms": [
      "Gibraltar"
    ]
  },
  {
    "value": "Serbia",
    "synonyms": [
      "Serbia"
    ]
  },
  {
    "value": "Austria",
    "synonyms": [
      "Austria"
    ]
  },
  {
    "value": "Belarus",
    "synonyms": [
      "Belarus"
    ]
  },
  {
    "value": "Switzerland",
    "synonyms": [
      "Switzerland"
    ]
  },
  {
    "value": "Hungary",
    "synonyms": [
      "Hungary"
    ]
  },
  {
    "value": "Sweden",
    "synonyms": [
      "Sweden"
    ]
  },
  {
    "value": "Portugal",
    "synonyms": [
      "Portugal"
    ]
  },
  {
    "value": "Greece",
    "synonyms": [
      "Greece"
    ]
  },
  {
    "value": "Belgium",
    "synonyms": [
      "Belgium"
    ]
  },
  {
    "value": "Netherlands",
    "synonyms": [
      "Netherlands"
    ]
  },
  {
    "value": "Romania",
    "synonyms": [
      "Romania"
    ]
  },
  {
    "value": "Poland",
    "synonyms": [
      "Poland"
    ]
  },
  {
    "value": "Ukraine",
    "synonyms": [
      "Ukraine"
    ]
  },
  {
    "value": "Spain",
    "synonyms": [
      "Spain"
    ]
  },
  {
    "value": "Italy",
    "synonyms": [
      "Italy"
    ]
  },
  {
    "value": "IsleofMan",
    "synonyms": [
      "IsleofMan",
      "Isle of Man"
    ]
  },
  {
    "value": "Germany",
    "synonyms": [
      "Germany"
    ]
  },
  {
    "value": "Russia",
    "synonyms": [
      "Russia"
    ]
  },
  {
    "value": "France",
    "synonyms": [
      "France"
    ]
  },
  {
    "value": "BosniaandHerzegovina",
    "synonyms": [
      "BosniaandHerzegovina",
      "Bosnia and Herzegovina"
    ]
  },
  {
    "value": "UnitedKingdom",
    "synonyms": [
      "UnitedKingdom",
      "United Kingdom"
    ]
  },
  {
    "value": "NorthMacedonia",
    "synonyms": [
      "NorthMacedonia",
      "North Macedonia"
    ]
  },
  {
    "value": "Latvia",
    "synonyms": [
      "Latvia"
    ]
  }
]